xml_file_name,image_preview_url,css_file_name
eliteskincenter.WordPress.2023-05-13.xml,ss.png,
High content.xml,High content.png,
cascademasonry.WordPress.2023-05-13.xml,Screenshot (1).png,
ledezmalawtrialattorneys.WordPress.2023-09-09.xml,Screenshot.png,
cjmsecurityconsultantsandmanagementgroup.WordPress.2023-06-22.xml,Screenshot (1).png,
ledezmalawtrialattorneys.WordPress.2023-09-09.xml,Screenshot.png,css.txt
cbkneedlepoint.WordPress.2023-07-01.xml,screencapture-4kt-49d-myftpupload-contact-us-2023-07-02-01_33_33.png,
hrimpactinc.WordPress.2023-02-15.xml,screencapture-e3c-afd-myftpupload-contact-2023-02-16-00_20_50.png,
greenleafbistronyc.WordPress.2023-02-02 (1).xml,Screenshot.png,
lomaparkeventcenter.WordPress.2023-04-03.xml,Screenshot.png,
impactmarketing.WordPress.2023-05-30 (1).xml,Screenshot.png,
desirehomecare.WordPress.2023-03-30.xml,Screenshot.png,
bigstatelogistics.WordPress.2023-01-26 (1).xml,Screenshot.png,
impactmarketing.WordPress.2023-05-30.xml,Screenshot.png,
lizbethloreto.WordPress.2023-07-11.xml,Screenshot.png,
sandiegoplumbingheatingairinc.WordPress.2023-03-14.xml,img.png,
desirehomecare.WordPress.2023-03-30.xml,Screenshot.png,
baycountertops.WordPress.2023-05-19.xml,Screenshot.png,
eliteskincenter.WordPress.2023-05-13.xml,Screenshot (1).png,
sonnymcclainauctions.WordPress.2023-08-16.xml,Screenshot.png,css.txt
unitedstatescentralpoliticalparty.WordPress.2023-02-05.xml,Screenshot.png,
everupwardrealty.WordPress.2023-01-15.xml,Sample.png,CODES.txt
post.xml,ss.png,
beabetterboss.WordPress.2023-05-01.xml,screencapture-1ki-830-myftpupload-newsletter-2023-05-01-07_20_52.png,